Lake_name,Hylak_id,Country,Latitude,Longitude
Acigol,1341,Turkey,37.83252650542398,29.86101825752383
Adiyaman,14719,Turkey,38.07532307118712,38.26656170665793
Aksehir,1335,Turkey,38.514735830361886,31.41376893762495
Almus Baraji,14540,Turkey,40.37164438440883,36.9567691759405
Altinkaya Baraji,14466,Turkey,41.28202441534528,35.42702879707579
Ataturk Dam,1348,Turkey,37.62016284297993,38.610779752743575
Beysehir,1343,Turkey,37.77666499598681,31.509957287968305
Burdur,1342,Turkey,37.735410813760666,30.18207193667417
Cildir,1311,Turkey,41.04661440909558,43.241732536343186
Eber,1334,Turkey,38.65396584065843,31.170124591150167
Egridir,1340,Turkey,38.05634461701728,30.857448230998322
Ercek,1333,Turkey,38.67514012802378,43.57905629033368
Hazar,14682,Turkey,38.487730838307385,39.40448862792296
Hirfanli,1326,Turkey,39.15595348309596,33.63450846877665
Iznik,1319,Turkey,40.441127693778334,29.522394906323033
Keban Baraji,1332,Turkey,38.84864071468731,39.058341895852344
Kus,1322,Turkey,40.18946535630242,27.96763976565348
Tuz,140,Turkey,38.73014919516684,33.419056598888815
Ulubat,1321,Turkey,40.17211350698918,28.59218361712604
Unnamed,173580,Turkey,38.025157318124634,37.9015093760247
Unnamed,173164,Turkey,39.14502177418026,43.33471825993052
Unnamed,173987,Turkey,36.98366106634761,34.88487552345488
Unnamed,173435,Turkey,38.344170384335925,43.68971927244328
Unnamed,172641,Turkey,40.66377883988647,39.13912006299024
Unnamed,174043,Turkey,36.82318346363884,37.550101637362545
Unnamed,14798,Turkey,36.92401668354917,38.01133807529533
Unnamed,173304,Turkey,38.80402713758337,43.80724258223681
Unnamed,14580,Turkey,39.72801093817265,40.45923916251121
Unnamed,14720,Turkey,38.05430248843799,39.952781283376986
Unnamed,14705,Turkey,38.30645250468964,40.16126126204365
Unnamed,14782,Turkey,37.14215652460151,37.8640046161492
Unnamed,14712,Turkey,38.22183950526177,41.150138154386426
Unnamed,172311,Turkey,41.69767862372185,36.018082784357055
Unnamed,173366,Turkey,38.5611044764049,31.497273990671562
Unnamed,173382,Turkey,38.52539407322874,26.886728874791213
Unnamed,173769,Turkey,37.53434988423624,33.764356806070694
Unnamed,1365671,Turkey,41.152110367366745,26.514431706905217
Unnamed,172602,Turkey,40.78851215410327,26.28176229867078
Unnamed,174068,Turkey,36.714562387210854,35.63386482896307
Unnamed,174158,Turkey,36.29759375084337,33.9541332252883
Unnamed,1365770,Turkey,41.05029666522695,26.345955222871208
Unnamed,1370298,Turkey,36.67401011214054,35.09576724240486
Unnamed,1370597,Turkey,36.28729514940782,33.97499831489619
Unnamed,172761,Turkey,40.3847358132061,28.479205894127098
Unnamed,172763,Turkey,40.37949661792918,28.518362983353892
Unnamed,173254,Turkey,38.88902091369206,33.193465565062425
Unnamed,1368435,Turkey,38.55521973365599,33.37447467767254
Unnamed,172353,Turkey,41.566152081313774,36.094184980671535
Unnamed,1369324,Turkey,37.53419022985526,27.191648007708384
Unnamed,1370266,Turkey,36.70760381263055,35.70023427546455
Unnamed,172343,Turkey,41.584292401782356,36.06306320187012
Unnamed,172349,Turkey,41.56424730835798,36.049027846308086
Unnamed,173384,Turkey,38.51873393971747,33.43804661311498
Unnamed,1365065,Turkey,41.64898865206935,36.05429805474363
Unnamed,1366164,Turkey,40.75354314809694,26.119083283810255
Unnamed,14456,Turkey,41.574353607114695,36.08162072257677
Unnamed,14683,Turkey,38.492057155450716,26.923223786495573
Unnamed,14695,Turkey,38.34039909708242,35.267829732641594
Unnamed,14813,Turkey,36.66612610182846,35.62458336555625
Unnamed,14819,Turkey,36.59609934788996,35.51323849835959
Unnamed,173392,Turkey,38.513415261885605,33.645505397886744
Unnamed,174074,Turkey,36.70398831221825,35.04663170204633
Unnamed,1366170,Greece,40.74549203645388,26.115788860168543
Unnamed,1366521,Turkey,40.38995808403494,28.472926352338792
Unnamed,1367758,Turkey,39.17723540419505,34.380970359393956
Unnamed,1368457,Turkey,38.52305633206971,31.505653678930763
Unnamed,1368648,Turkey,38.29121024573427,33.44169345633098
Unnamed,1369051,Turkey,37.82774335142943,33.63692039350108
Unnamed,1369332,Turkey,37.520590306999,33.79277354121529
Unnamed,1370239,Turkey,36.73738190707696,34.910744411291724
Unnamed,1370292,Turkey,36.67908380150723,35.08561035556552
Unnamed,1370360,Turkey,36.594764022923215,35.34279951155755
Unnamed,172604,Turkey,40.781454895121975,26.267697269674436
Unnamed,173364,Turkey,38.58059096290466,26.853245334065033
Unnamed,173686,Turkey,37.808843741527355,33.64073035285687
Unnamed,173721,Turkey,37.702326870396696,37.50190344528658
Unnamed,1365064,Turkey,41.64804492389781,36.03284494575066
Unnamed,1365165,Turkey,41.52952874665492,36.07439155632678
Unnamed,1365752,Turkey,41.07049596810898,26.40959616219922
Unnamed,1365753,Turkey,41.06888160103652,26.375233823179144
Unnamed,1365757,Turkey,41.06476022893663,26.41954092178744
Unnamed,1368006,Turkey,39.01142121583126,33.34425791621644
Unnamed,1368521,Turkey,38.449179129913304,26.946428167806253
Unnamed,1369595,Turkey,37.3055190286426,36.830230319782075
Unnamed,1370261,Turkey,36.71582575437422,38.99329867698174
Unnamed,172335,Turkey,41.613618650753615,36.05531395248079
Unnamed,173259,Turkey,38.885702367728996,42.6697963314357
Unnamed,173678,Turkey,37.84375948733755,40.54041737720033
Unnamed,173774,Turkey,37.51748388421293,33.717321706388894
Unnamed,1365618,Turkey,41.19727315442052,26.57116472005877
Unnamed,1365628,Turkey,41.18706423296056,26.560706742091376
Unnamed,1368182,Turkey,38.83303797053938,26.972465852260175
Unnamed,1369255,Turkey,37.595937498417875,33.691321499865396
Unnamed,1369280,Turkey,37.57272708772147,33.74156339101352
Unnamed,1370276,Turkey,36.69935148507707,35.681610261897866
Unnamed,1370284,Turkey,36.692750733926914,35.6259773220332
Unnamed,173300,Turkey,38.80171189042981,33.08956490270124
Unnamed,173361,Turkey,38.59132168100917,31.52339706420682
Unnamed,1366563,Turkey,40.31771533646942,27.594628615689597
Unnamed,1366846,Turkey,39.95713340932456,44.26566693036794
Unnamed,1368089,Turkey,38.91866766372227,26.99282216586873
Unnamed,1368523,Turkey,38.44675441375272,30.82770281974474
Unnamed,14610,Turkey,39.213919865095754,34.39048609597497
Unnamed,1365047,Turkey,41.664232492458694,36.04407560316796
Unnamed,1365379,Turkey,41.3697762751933,36.659858032364156
Unnamed,1369561,Turkey,37.33544588276155,36.82667370680309
Unnamed,1369609,Turkey,37.294526393423816,36.82881978520633
Unnamed,1369903,Turkey,37.056430010683705,35.770710063127694
Unnamed,1365035,Turkey,41.6758673489055,35.8084656027303
Unnamed,1369035,Turkey,37.84275855297857,40.588524906982336
Unnamed,173349,Turkey,38.62662152944833,33.153702163109685
Unnamed,1366177,Turkey,40.735797152983835,26.06892775356455
Unnamed,1366179,Turkey,40.7329144878026,26.095025882383048
Unnamed,1369044,Turkey,37.83385933133974,40.671973122308486
Unnamed,1369580,Turkey,37.31735971889181,36.83028490413991
Unnamed,173307,Turkey,38.79076976934044,33.01896868410902
Unnamed,1365135,Turkey,41.57068416863783,36.06228432959948
Unnamed,1365485,Turkey,41.28240656510757,36.94131511609763
Unnamed,1366071,Turkey,40.82357938828799,26.30359684758415
Unnamed,1366124,Turkey,40.785982964649996,26.238395303915524
Unnamed,1367126,Turkey,39.722521449360315,37.1242361873548
Unnamed,1369071,Turkey,37.797238971610895,29.745036724196204
Unnamed,1369271,Turkey,37.583406223219846,33.744663222448594
Unnamed,1369384,Turkey,37.46703905000785,30.049242738380265
Unnamed,14708,Turkey,38.22763136325603,29.898533080357247
Unnamed,173323,Turkey,38.74453280299272,33.086530221723834
Unnamed,1365464,Turkey,41.30133579584006,36.9250390990991
Unnamed,1365726,Turkey,41.10607745071974,26.48744963631693
Unnamed,1366566,Turkey,40.315158511759485,27.23482948656115
Unnamed,1368444,Turkey,38.537953328023455,33.233919898085546
Unnamed,1368919,Turkey,37.9736831580312,40.055454682541345
Unnamed,1369601,Turkey,37.30369125465593,36.845980724944546
Unnamed,172325,Turkey,41.64309606240792,36.069464069197124
Unnamed,172785,Turkey,40.29689334946424,26.25949093618581
Unnamed,173829,Turkey,37.38717002371251,29.971460810377486
Unnamed,1365113,Turkey,41.582105070637,36.031529946210924
Unnamed,1365124,Turkey,41.580810974805935,27.5784021698909
Unnamed,1365146,Turkey,41.5592175931639,27.515583938910538
Unnamed,1365649,Turkey,41.175581361126184,26.534404471342025
Unnamed,1370355,Turkey,36.60021022053214,35.447035570950746
Unnamed,172631,Turkey,40.71589684203392,26.071607835917874
Unnamed,173727,Turkey,37.67795739415673,29.76957826785198
Unnamed,173861,Turkey,37.28996255916259,36.85319437911051
Unnamed,1366684,Turkey,40.125635105275386,28.56674937538397
Unnamed,1367080,Turkey,39.75451883468979,37.538167930024024
Unnamed,1369042,Turkey,37.838491949256436,40.52104018286988
Unnamed,1369045,Turkey,37.833278826509186,40.49421432591277
Unnamed,173368,Turkey,38.562737413855615,26.853646069458378
Unnamed,1366008,Turkey,40.878743962780625,30.613479529561115
Unnamed,1368441,Turkey,38.54155213746992,32.9438918709076
Unnamed,1368449,Turkey,38.534749978890034,33.407851854500734
Unnamed,1369202,Turkey,37.6387694972672,30.050365185300816
Unnamed,1369914,Turkey,37.04656115165944,37.91137672778511
Unnamed,172611,Turkey,40.76985555817726,26.191232211982054
Unnamed,1365429,Turkey,41.33489217116854,26.6559606249488
Unnamed,1365801,Turkey,41.022834176295255,28.56835918272168
Unnamed,1366128,Turkey,40.77967009633349,32.011890978318505
Unnamed,1366569,Turkey,40.313262407409994,43.21798331492691
Unnamed,1368972,Turkey,37.92223740913611,40.29464327138061
Unnamed,173379,Turkey,38.54810448061005,26.875841342261797
Unnamed,1365471,Turkey,41.298212980771154,28.218617981380376
Unnamed,1369025,Turkey,37.853199600454005,40.62514485462297
Unnamed,1369962,Turkey,37.00363049055398,29.73157373485486
Unnamed,14678,Turkey,38.5863171269934,33.08459929642743
Unnamed,172485,Turkey,41.0474460996474,30.565591029946575
Unnamed,1366290,Turkey,40.630970589384226,26.070463561078906
Unnamed,1366642,Turkey,40.19011864342551,28.689897925422056
Unnamed,1369096,Turkey,37.76006122557533,40.35064037545797
Unnamed,1369909,Turkey,37.04608042488224,37.918775438369956
Unnamed,1365662,Turkey,41.16090291789334,27.63666553933453
Unnamed,1367142,Turkey,39.707457369700165,44.71560371460016
Unnamed,1368951,Turkey,37.93745478004168,39.86386772496658
Unnamed,1367956,Turkey,39.048061385995226,37.23490747245776
Unnamed,1368548,Turkey,38.40970712381623,27.05310758510132
Unnamed,1368957,Turkey,37.93108026430051,34.62540924132707
Unnamed,1369752,Turkey,37.19097653093189,36.83660046711974
Unnamed,173756,Turkey,37.57061650325111,39.52693344571388
Unnamed,1364950,Turkey,41.76350278761788,26.57203336371847
Unnamed,1366202,Turkey,40.70408398094291,26.05945313035918
Unnamed,1367563,Turkey,39.29325297121247,30.505276610010892
Unnamed,1369104,Turkey,37.7619205586241,39.63361842088259
Unnamed,1369199,Turkey,37.64408732831481,39.44390878378742
Unnamed,172601,Turkey,40.77982285841831,32.025364092621416
Unnamed,173198,Turkey,39.028058829952386,33.96872675772589
Unnamed,173733,Turkey,37.656149152887615,27.506587220185185
Unnamed,1365014,Turkey,41.70820937973672,26.918842259791703
Unnamed,1365115,Turkey,41.590036675666326,27.293108024570767
Unnamed,1365441,Turkey,41.32395687322594,36.32078837108102
Unnamed,1366116,Turkey,40.79486951345183,35.49469989245386
Unnamed,1367342,Turkey,39.48334399951054,37.0391772438559
Unnamed,1368859,Turkey,38.02846408700327,27.47183745972631
Unnamed,1368949,Turkey,37.94327724304433,40.036928698678295
Unnamed,1369567,Turkey,37.32662732988491,41.85035190791582
Unnamed,172598,Turkey,40.7881219798758,26.349112392078744
Unnamed,1364879,Turkey,41.82508005988749,26.781295829848165
Unnamed,1365414,Turkey,41.34353177146021,26.653280353083264
Unnamed,1366143,Turkey,40.767629894893766,35.45845478740981
Unnamed,1366709,Turkey,40.08117382771591,31.618335706089297
Unnamed,1369309,Turkey,37.54817183795559,40.08290117859602
Unnamed,1370280,Turkey,36.69329835830833,28.82222472508003
Unnamed,14642,Turkey,39.02259562547174,35.814646703272544
Unnamed,173706,Turkey,37.75132245590041,37.556460922299436
Unnamed,1366048,Turkey,40.85349488135593,26.52920319545477
Unnamed,1366148,Turkey,40.76219471772095,31.04213651373317
Unnamed,1366644,Turkey,40.18544677089464,29.65704582757321
Unnamed,1367393,Turkey,39.431110405772415,37.08516790773103
Unnamed,1369316,Turkey,37.53942689219043,40.048893528227886
Unnamed,1369592,Turkey,37.31557977139345,40.06879177063429
Unnamed,1369630,Turkey,37.27792042646883,36.906281662559124
Unnamed,1365091,Turkey,41.615937632691114,26.899725865239255
Unnamed,1365719,Turkey,41.113858674065895,26.560712990823607
Unnamed,1367611,Turkey,39.26536068953037,26.715275021290505
Unnamed,1365183,Turkey,41.514922151346575,27.609054775361905
Unnamed,1367266,Turkey,39.57010850016976,27.433375618130984
Unnamed,1368203,Turkey,38.805267096545876,35.58990567401846
Unnamed,173927,Turkey,37.1154214093801,29.599338422241644
Unnamed,1364936,Turkey,41.77779890607088,26.870691741815136
Unnamed,1365660,Turkey,41.16080629911083,26.40574465757
Unnamed,1365695,Turkey,41.12665028951644,26.556094975249437
Unnamed,1366929,Turkey,39.87117956502621,37.378174269137226
Unnamed,1367572,Turkey,39.29101593844502,30.510766138362442
Unnamed,1368278,Turkey,38.73156152819935,38.33561701426476
Unnamed,1368491,Turkey,38.470377793553865,29.016834144376926
Unnamed,1369373,Turkey,37.482658649175335,31.79966868072823
Unnamed,1369526,Turkey,37.36439709770124,39.571773512819036
Unnamed,1370455,Turkey,36.473710543167826,36.487179546587264
Unnamed,173376,Turkey,38.52547643325832,32.92443885145122
Unnamed,1364756,Turkey,41.96113862767514,35.00522093640263
Unnamed,1364888,Turkey,41.81525563496191,26.40209390724474
Unnamed,1364900,Turkey,41.80398464447972,26.57062483764569
Unnamed,1365025,Turkey,41.69858341663077,26.806724893085832
Unnamed,1365632,Turkey,41.183287705759525,26.584091173877415
Unnamed,1365992,Turkey,40.89251057682986,26.750087332676667
Unnamed,1366209,Turkey,40.690468736250786,30.388745261038903
Unnamed,1368220,Turkey,38.793456411118925,30.37806724186457
Unnamed,1368528,Turkey,38.438882813138925,28.947252932227897
Unnamed,1368546,Turkey,38.411266594097334,39.94721497220631
Unnamed,1368743,Turkey,38.17390747198959,31.74625780648874
Unnamed,1369278,Turkey,37.575998280677226,41.342927515351874
Unnamed,1369626,Turkey,37.28546055393534,39.738807086438946
Unnamed,1365159,Turkey,41.540708789594646,27.094162378565496
Unnamed,1365163,Turkey,41.53633275914174,26.869725189056922
Unnamed,1365237,Turkey,41.46544234656827,26.961191228295206
Unnamed,1365557,Turkey,41.24113017270069,28.93788715602622
Unnamed,1366088,Turkey,40.811155179455014,35.464851014947534
Unnamed,1366562,Turkey,40.31982284137015,28.110046447014714
Unnamed,1367349,Turkey,39.47550180481138,29.727730460658634
Unnamed,1367847,Turkey,39.107847761871646,30.438460492478956
Unnamed,1368899,Turkey,37.991619993842065,27.318704700075447
Unnamed,1368915,Turkey,37.97786943842463,40.224624385725384
Unnamed,1369660,Turkey,37.25567747776007,27.630319804493933
Unnamed,1364703,Turkey,42.016016505793885,34.92012165074543
Unnamed,1365119,Turkey,41.5853490030655,26.85532363249289
Unnamed,1365217,Turkey,41.47910784692029,27.19693697202485
Unnamed,1365271,Turkey,41.437519701832905,27.438240260608865
Unnamed,1365461,Turkey,41.30713937413838,28.764291164409627
Unnamed,1365496,Turkey,41.277395868666616,26.96234489832434
Unnamed,1365576,Turkey,41.23425743667525,26.472971085183637
Unnamed,1365633,Turkey,41.18310593173024,26.451496379629504
Unnamed,1365746,Turkey,41.07887700302901,28.451793155964342
Unnamed,1365908,Turkey,40.945871646894446,26.656120403499965
Unnamed,1366621,Turkey,40.23404694401956,40.06982712352534
Unnamed,1366952,Turkey,39.84790922731562,37.50153452477198
Unnamed,1367491,Turkey,39.34963989798298,33.760028003026086
Unnamed,1368536,Turkey,38.42883472557281,28.979979115176068
Unnamed,1364880,Turkey,41.82619745113256,26.848919691416334
Unnamed,1365156,Turkey,41.548464415807,27.051516244189777
Unnamed,1365157,Turkey,41.547033962227424,27.271901581716268
Unnamed,1365203,Turkey,41.495368258679406,27.370026692548112
Unnamed,1365221,Turkey,41.47548822774466,27.61579318058589
Unnamed,1365472,Turkey,41.292042815436076,26.539252772673777
Unnamed,1365474,Turkey,41.291911907037814,26.634759426494707
Unnamed,1365482,Turkey,41.28749084786975,28.75866348058751
Unnamed,1365501,Turkey,41.273903398776255,26.508879662346008
Unnamed,1366807,Turkey,39.997810121992345,28.089787869546953
Unnamed,1367170,Turkey,39.677185066892264,27.673408663382574
Unnamed,1367554,Turkey,39.302735136841676,30.501151672611652
Unnamed,1368791,Turkey,38.11415491965059,39.58759868571439
Unnamed,1369355,Turkey,37.5034432006606,32.30880530347884
Unnamed,172590,Turkey,40.829159914978774,26.326828940466545
Unnamed,172686,Turkey,40.60381272434783,26.26627581233484
Unnamed,1364892,Turkey,41.81395019728794,26.976507056137383
Unnamed,1365169,Turkey,41.52933467900386,27.196489847914183
Unnamed,1365535,Turkey,41.25578912815766,28.735990872905067
Unnamed,1365685,Turkey,41.13730301049694,26.44572823830991
Unnamed,1367064,Turkey,39.77007288435492,26.224945693828367
Unnamed,1367201,Turkey,39.642981754183296,27.610798338213378
Unnamed,1367598,Turkey,39.26776614033672,41.105904275566836
Unnamed,1367949,Turkey,39.057169982579666,33.9536283184725
Unnamed,1368061,Turkey,38.94628987610733,34.155512740073625
Unnamed,1368623,Turkey,38.315422417879425,28.027692023511342
Unnamed,1368875,Turkey,38.02005496928796,27.464550550148978
Unnamed,1369057,Turkey,37.81542358166248,38.40107502657671
Unnamed,1369072,Turkey,37.79735518481086,38.429728277070915
Unnamed,1369118,Turkey,37.744438017541434,38.58548147936406
Unnamed,1369172,Turkey,37.68485579258986,38.13570452945938
Unnamed,1369264,Turkey,37.588042751287745,27.444034594135076
Unnamed,1369386,Turkey,37.467740742027985,31.79258224859032
Unnamed,1369589,Turkey,37.3147429513837,27.689673842500504
Unnamed,1370253,Turkey,36.719798674579295,36.205353808817925
Unnamed,14739,Turkey,37.56714509094558,29.96675629997422
Unnamed,1365743,Turkey,41.07969511693776,27.172789980625403
Unnamed,1366139,Turkey,40.76998171873206,26.281683972128988
Unnamed,1366596,Turkey,40.271499577885486,28.251957894755954
Unnamed,1366670,Turkey,40.14829008798423,25.925581668180477
Unnamed,1367562,Turkey,39.29739148521276,30.50306042394312
Unnamed,1368771,Turkey,38.13547966824004,31.76932854451424
Unnamed,1365144,Turkey,41.564913977674514,27.34899172270667
Unnamed,1365214,Turkey,41.481543328161415,33.44084690841466
Unnamed,1365942,Turkey,40.92278672256711,26.622573569722878
Unnamed,1367530,Turkey,39.31782324925375,27.984632934350124
Unnamed,1368674,Turkey,38.247092250337566,31.817897261352613
Unnamed,1369132,Turkey,37.729402889797136,38.608219990357064
Unnamed,1369432,Turkey,37.435325933830654,29.90518792518151
Unnamed,1369897,Turkey,37.06133568970236,37.16871651164843
Unnamed,14661,Turkey,38.811223594249505,42.98744090689974
Unnamed,1365710,Turkey,41.11568756658667,27.360392648916275
Unnamed,1365748,Turkey,41.07436333902165,26.663440737268548
Unnamed,1367024,Turkey,39.79548367786609,27.828007877113958
Unnamed,1368123,Turkey,38.89202124109844,39.60891935884316
Unnamed,172950,Turkey,39.56711275310668,33.42148498643508
Unnamed,1364807,Turkey,41.90354404526864,35.04368638919065
Unnamed,1365208,Turkey,41.48945613120194,27.49861792853849
Unnamed,1365225,Turkey,41.47332142421408,27.509055223014805
Unnamed,1365252,Turkey,41.450392529495616,27.26744290671848
Unnamed,1365481,Turkey,41.28418803770778,28.781154293414744
Unnamed,1365518,Turkey,41.26519252575051,28.818420235655974
Unnamed,1365558,Turkey,41.24003918230276,28.870337398800505
Unnamed,1365593,Turkey,41.21704802070624,26.700397818537127
Unnamed,1365600,Turkey,41.212062831850155,27.049490627308337
Unnamed,1366001,Turkey,40.88753079616821,29.757981488155846
Unnamed,1366532,Turkey,40.367508092850194,26.825541005085398
Unnamed,1366576,Turkey,40.30255326290179,26.95963117024368
Unnamed,1369798,Turkey,37.15373666465475,34.93664044678814
Unnamed,1369825,Turkey,37.129431363449804,28.387514314879184
Unnamed,1370204,Turkey,36.778031512379854,37.227675229009414
Unnamed,172819,Turkey,40.13227079734977,25.955901713040063
Unnamed,1365250,Turkey,41.455956027531336,27.28101745215623
Unnamed,1365526,Turkey,41.25460567008416,27.041359406891832
Unnamed,1366009,Turkey,40.877811235936015,30.43234395050331
Unnamed,1366041,Turkey,40.86130642683559,27.107668181352608
Unnamed,1366158,Turkey,40.75766447181801,31.05819725479796
Unnamed,1368131,Turkey,38.87553047551559,27.093262702350632
Unnamed,1368364,Turkey,38.65665586896886,29.33746546028027
Unnamed,1369149,Turkey,37.70302981507564,38.15347952278458
Unnamed,1369662,Turkey,37.25649566501277,29.891450077707923
Unnamed,172673,Turkey,40.626188706981104,26.484211351690696
Unnamed,1364975,Turkey,41.74369060352748,27.599728576016684
Unnamed,1365222,Turkey,41.476681699708024,27.14760450348769
Unnamed,1365259,Turkey,41.44737974181863,27.31370224334689
Unnamed,1365692,Turkey,41.12721455839632,27.200272054790375
Unnamed,1365961,Turkey,40.90458774202447,27.05918804309744
Unnamed,1366054,Turkey,40.84348228754622,32.44440858390983
Unnamed,1366591,Turkey,40.275445665716,27.02367383046279
Unnamed,1366660,Turkey,40.16053363061138,40.06035997870769
Unnamed,1366678,Turkey,40.137796064829715,25.712666502326673
Unnamed,1370430,Turkey,36.506816219903705,36.49040750451571
Unnamed,1366090,Turkey,40.808271377796,29.985829078739197
Unnamed,1366129,Turkey,40.78005849992292,36.390493792917155
Unnamed,1366284,Turkey,40.63291883551468,26.93148829572544
Unnamed,1366567,Turkey,40.316694435514485,29.531167904407443
Unnamed,1367013,Turkey,39.8041596487837,27.19174533698764
Unnamed,1367053,Turkey,39.77338517646098,27.950328159257605
Unnamed,1367141,Turkey,39.70631214853982,27.697568500895173
Unnamed,1367159,Turkey,39.69718272313641,30.318751494241692
Unnamed,1367460,Turkey,39.372383748955606,32.37561769215471
Unnamed,1368893,Turkey,37.9966037946533,41.48353525432363
Unnamed,1371030,Turkey,35.913032364942254,36.16730920923771
Unnamed,1364951,Turkey,41.760894561324655,27.43716621260284
Unnamed,1365164,Turkey,41.53224330380318,34.80138830065579
Unnamed,1365962,Turkey,40.90960738031799,29.95937609018814
Unnamed,1366580,Turkey,40.30087735063107,28.864787550052846
Unnamed,1366885,Turkey,39.91279960022855,32.99504598099433
Unnamed,1366922,Turkey,39.87602890489169,38.8088406206031
Unnamed,1368450,Turkey,38.53272505451956,43.41735605521578
Unnamed,1369451,Turkey,37.4213247586718,40.137020530454464
Unnamed,1370075,Turkey,36.905115985493914,36.95335479526548
Unnamed,1365835,Turkey,40.9949920440896,30.33132755101537
Unnamed,1367166,Turkey,39.68235242052642,42.19848359762363
Unnamed,1368436,Turkey,38.54848657865919,34.924425513193675
Unnamed,1368718,Turkey,38.2039969266947,34.2071464247291
Unnamed,1370114,Turkey,36.86142181488889,36.93388061165849
Unnamed,172906,Turkey,39.767052515714234,32.79212697206425
Unnamed,1365473,Turkey,41.288695356435056,28.73825324684383
Unnamed,1365676,Turkey,41.14188037073927,26.72672177477901
Unnamed,1365897,Turkey,40.94608035220054,30.096344165682257
Unnamed,1368201,Turkey,38.807397430008514,34.16863244060438
Unnamed,1368243,Turkey,38.762332862923664,34.080615231455425
Unnamed,1368798,Turkey,38.09706108356065,26.95722822546144
Unnamed,1369094,Turkey,37.77042063953439,38.428848746504144
Unnamed,1369303,Turkey,37.55444326516758,32.34445415636411
Unnamed,1370020,Turkey,36.946314569095065,29.93674917301259
Unnamed,1370116,Turkey,36.85809740323131,35.66579197620151
Unnamed,172882,Turkey,39.88209873585442,37.59952518500088
Unnamed,1365254,Turkey,41.452085661737485,32.950372424853676
Unnamed,1365536,Turkey,41.2588648125015,28.906718947771168
Unnamed,1365931,Turkey,40.93045960290084,30.387362204471753
Unnamed,1365977,Turkey,40.9040253470408,30.294318662105812
Unnamed,1366027,Turkey,40.870489671323234,29.79480432059656
Unnamed,1366814,Turkey,39.989620971389435,26.859350342798376
Unnamed,1367340,Turkey,39.48102871276455,28.139867310172697
Unnamed,1367354,Turkey,39.47146716439068,29.857425651197435
Unnamed,1369631,Turkey,37.28326429033739,27.649653151321242
Unnamed,1369741,Turkey,37.20255462592013,35.544008423353375
Unnamed,1365500,Turkey,41.27259074231455,28.787110468281067
Unnamed,1365624,Turkey,41.1858644413843,27.371486510381303
Unnamed,1365793,Turkey,41.031888696878205,27.889304553792243
Unnamed,1365983,Turkey,40.900049635370486,30.1623280454158
Unnamed,1366028,Turkey,40.86845987507242,26.64835841167408
Unnamed,1366524,Turkey,40.38973546069771,26.482062633409594
Unnamed,1367386,Turkey,39.43406859403983,28.192355830273186
Unnamed,1368016,Turkey,38.99704225428532,29.082645856879648
Unnamed,1368291,Turkey,38.724679821489524,29.560015524322928
Unnamed,172784,Turkey,40.30660594100446,26.388392668027937
Unnamed,173509,Turkey,38.17190154475853,35.391693308391275
Unnamed,1365540,Turkey,41.24866819438061,26.803528087692197
Unnamed,1365653,Turkey,41.17579922430671,28.021561240310803
Unnamed,1366019,Turkey,40.871709299446074,30.4018924443421
Unnamed,1366962,Turkey,39.837829917601255,27.369951697644353
Unnamed,1369399,Turkey,37.45849192289394,31.81110586109964
Unnamed,1369833,Turkey,37.117393812783135,27.665522734823014
Unnamed,1365664,Turkey,41.156995241870696,26.79423638771941
Unnamed,1365741,Turkey,41.07877702576167,27.456173479377508
Unnamed,1366151,Turkey,40.76434094990809,30.11616868316516
Unnamed,1366176,Turkey,40.73483704755915,26.71147799279096
Unnamed,1366746,Turkey,40.04340950431137,26.45313439657851
Unnamed,1366841,Turkey,39.95853393020719,27.002576623099745
Unnamed,1367510,Turkey,39.33685567757407,42.323516274964334
Unnamed,1368703,Turkey,38.22427136867776,29.29567756408271
Unnamed,1365755,Turkey,41.06658230036892,35.97454627793764
Unnamed,1366180,Turkey,40.72797620544426,26.60648080637396
Unnamed,1366762,Turkey,40.03660963948592,26.88467325039875
Unnamed,1367220,Turkey,39.62792319959349,27.466934838152195
Unnamed,1368294,Turkey,38.72088334691607,29.498924304393515
Unnamed,1365980,Turkey,40.90076547924197,29.55845668508082
Unnamed,1366597,Turkey,40.271715656271475,30.759721165832644
Unnamed,1366615,Turkey,40.23717892123838,34.153312356926506
Unnamed,1367176,Turkey,39.66394230673939,26.366373822324658
Unnamed,1367746,Turkey,39.18067385945865,43.77074498969752
Unnamed,1368394,Turkey,38.622190820525375,42.27455311160374
Unnamed,1369544,Turkey,37.34621590015619,36.78120985961252
Unnamed,1365176,Turkey,41.52284987229464,28.19679678527002
Unnamed,1365210,Turkey,41.48480301723996,28.258173253490146
Unnamed,1365245,Turkey,41.45785150920643,32.99818686254367
Unnamed,1365369,Turkey,41.37767374703758,34.65844917060159
Unnamed,1365970,Turkey,40.902755564798795,30.042173562435583
Unnamed,1366064,Turkey,40.83932811127494,30.467031683198428
Unnamed,1366279,Turkey,40.63611293201932,26.563817460483694
Unnamed,1366307,Turkey,40.61077424107558,31.682677082997657
Unnamed,1366680,Turkey,40.129896170585866,28.938824855245315
Unnamed,1369613,Turkey,37.294814307773976,28.216869449968247
Unnamed,1369710,Turkey,37.219957353215264,30.20143586444915
Unnamed,173726,Turkey,37.66940776789256,40.44854049901643
Unnamed,1365545,Turkey,41.24837205460891,28.75662577236403
Unnamed,1366560,Turkey,40.32254503524035,28.75973177840367
Unnamed,1367707,Turkey,39.205582146903396,27.672041376245623
Unnamed,1367803,Turkey,39.14852048003498,33.91122664935039
Unnamed,1368912,Turkey,37.986845191804186,27.30449348527682
Unnamed,1365811,Turkey,41.007444861126146,27.392193526572772
Unnamed,1366133,Turkey,40.77834202790364,30.14539100809403
Unnamed,1367363,Turkey,39.461968968348216,28.172445150579954
Unnamed,1367391,Turkey,39.436476449773515,37.324071254788855
Unnamed,1369127,Turkey,37.7304943264562,30.4942247297762
Unnamed,173230,Turkey,38.964978780395995,43.869506296565646
Unnamed,1365511,Turkey,41.26462049461238,28.829606137005765
Unnamed,1366651,Turkey,40.17420033332741,25.860587164052053
Unnamed,1366857,Turkey,39.93958703018957,28.858646159178736
Unnamed,1367968,Turkey,39.03607702941752,30.89119442880279
Unnamed,14698,Turkey,38.3496976016954,31.87663773860903
Unnamed,1365943,Turkey,40.922364932467566,27.404425407157408
Unnamed,1366821,Turkey,39.98688856646655,27.134192544220262
Unnamed,1369593,Turkey,37.30820165224297,28.093729648918416
Unnamed,14677,Turkey,38.622033430140874,28.01491616091526
Unnamed,173394,Turkey,38.488868945253316,43.92408797305495
Unnamed,1365682,Turkey,41.138262869281945,35.98938883178186
Unnamed,1366492,Turkey,40.440322156182525,29.97695084728572
Unnamed,1366519,Turkey,40.39448115251897,34.65947288960444
Unnamed,1366605,Turkey,40.25594274161825,29.35424191587068
Unnamed,1366664,Turkey,40.15841598860173,28.78955646173384
Unnamed,1366856,Turkey,39.939407806357494,27.21416464154687
Unnamed,173458,Turkey,38.28963667140284,26.413333344413907
Unnamed,1367035,Turkey,39.78597161801228,28.923424520276125
Unnamed,1366214,Turkey,40.69448149893413,26.210586215299486
Unnamed,1366394,Turkey,40.53449469042361,37.00224729111803
Unnamed,1367215,Turkey,39.628400008947985,26.20103019932546
Unnamed,1368500,Turkey,38.465596807219434,30.514820115611435
Unnamed,1368586,Turkey,38.374520149301155,31.137839782280732
Unnamed,1370414,Turkey,36.52377003421468,29.679587527684827
Unnamed,1370986,Turkey,35.948164162872324,36.05955249239806
Unnamed,1366658,Turkey,40.16752684695206,28.85711481327014
Unnamed,1369793,Turkey,37.15495120762477,36.516559182537556
Unnamed,1364914,Turkey,41.79208037158446,27.34740066553079
Unnamed,1365257,Turkey,41.445822843482084,33.62813734025389
Unnamed,1368690,Turkey,38.229243287733034,27.02438910259653
Unnamed,1369605,Turkey,37.30536449823814,35.04632807786976
Unnamed,173825,Turkey,37.39537947019656,27.8853364029222
Unnamed,1368090,Turkey,38.91808993543401,29.47976824006745
Unnamed,1368287,Turkey,38.72370176675525,29.62560654629585
Unnamed,1367282,Turkey,39.55565063715376,44.25660880066496
Unnamed,173475,Turkey,38.238253933072144,28.602555230127983
Unnamed,1369926,Turkey,37.034034728843615,32.02292618635564
Unnamed,173717,Turkey,37.71153892654641,39.20952557299799
Unnamed,172562,Turkey,40.90786089640406,29.897333950914955
Unnamed,1366979,Turkey,39.82464945843838,32.826572373041586
Unnamed,1367423,Turkey,39.41836755463227,27.613096320156412
Unnamed,14641,Turkey,39.02182352731115,42.29958897119843
Unnamed,1366443,Turkey,40.48186983531868,30.834688431991516
Unnamed,1369100,Turkey,37.7609107160472,36.72125571692804
Unnamed,1369167,Turkey,37.68433516001215,29.843317741779007
Unnamed,1370202,Turkey,36.77994109713211,28.63343422785556
Unnamed,1365084,Turkey,41.62241934554674,28.04219227071988
Unnamed,1370161,Turkey,36.81775150045969,28.608267875753384
Unnamed,173261,Turkey,38.88296201868222,35.75020965877626
Unnamed,1369727,Turkey,37.20296752388969,29.01717361320147
Unnamed,1365684,Turkey,41.14225781040212,28.742814184887465
Unnamed,1368706,Turkey,38.217331210256695,26.88679459871868
Unnamed,1368827,Turkey,38.05378146405054,30.417525287044874
Unnamed,1365449,Turkey,41.304828944230636,33.74251334210081
Unnamed,1368209,Turkey,38.80418575761241,38.751267080716076
Unnamed,173692,Turkey,37.79933496013487,37.64792232274396
Unnamed,172961,Turkey,39.54910944341867,33.9214713150882
Unnamed,1369275,Turkey,37.57731825934941,27.79653564261255
Unnamed,1369808,Turkey,37.14608647425491,36.46933620468076
Unnamed,1366507,Turkey,40.42088195334473,30.955941209454398
Unnamed,1365089,Turkey,41.6159208251309,28.059501225137353
Unnamed,1364948,Turkey,41.76496454959572,32.79038389470272
Unnamed,174200,Turkey,36.18037307216335,36.32433186967068
Unnamed,1370106,Turkey,36.86317684646138,28.819711199503516
Unnamed,1369171,Turkey,37.6857249437566,33.63982466898922
Unnamed,172466,Turkey,41.13189482990092,28.691118086284316
Unnamed,1368611,Turkey,38.340126053270495,34.456555507050346
Unnamed,173527,Turkey,38.145688222435204,28.848504295815896
Unnamed,1365295,Turkey,41.41432312843938,31.79850805141107
Unnamed,1369359,Turkey,37.49152016553891,28.60964138389828
Unnamed,172465,Turkey,41.1072814300748,36.61053297248312
Unnamed,173944,Turkey,37.06627285470535,29.727486602184047
Unnamed,14489,Turkey,41.011896799930746,28.745794401300166
Unnamed,173287,Turkey,38.837367001386895,42.82264022590456
Unnamed,174173,Turkey,36.26583037736612,30.053558746233907
Unnamed,172597,Turkey,40.820348035490625,26.806668938875912
Unnamed,172678,Turkey,40.606252393155074,31.280965368135725
Unnamed,173722,Turkey,37.70280657092223,28.014760637359217
Unnamed,1366692,Turkey,40.10259064202874,28.96773528122937
Unnamed,172328,Turkey,41.64701283424875,28.041905863201855
Unnamed,14475,Georgia,41.21153897757222,43.217691249137694
Unnamed,173075,Turkey,39.24209663828077,27.626636045517355
Unnamed,14510,Turkey,40.71789546910679,30.255686883293823
Unnamed,173161,Turkey,39.14344015398389,27.19502538878516
Unnamed,173860,Turkey,37.31703274328072,30.815329957458342
Unnamed,172807,Turkey,40.16544415595552,26.98515764941547
Unnamed,172467,Turkey,41.12522526485102,28.90498602227437
Unnamed,172982,Turkey,39.47079971505855,27.935162216851083
Unnamed,173073,Turkey,39.23720295860439,26.87002321814847
Unnamed,174114,Turkey,36.54051341340384,33.17282452087508
Unnamed,174048,Turkey,36.78878334433977,28.64562535143823
Unnamed,173961,Turkey,37.01360304816652,29.43682479347798
Unnamed,173168,Turkey,39.11030891519112,41.75454056569932
Unnamed,172618,Turkey,40.764275926527354,43.005770714752586
Unnamed,14468,Turkey,41.34605711837359,28.56293929890579
Unnamed,173540,Turkey,38.096211493259645,27.051388196424664
Unnamed,173714,Turkey,37.71298997848786,33.666003197323185
Unnamed,172428,Turkey,41.245640563618856,31.631261065836107
Unnamed,14802,Turkey,36.91391532205552,28.656612028753738
Unnamed,174073,Turkey,36.68052238191164,28.82578837362895
Unnamed,173734,Turkey,37.63266486737779,30.88248021698155
Unnamed,14542,Turkey,40.403248544733636,32.36950520116037
Unnamed,14743,Turkey,37.50421854448739,27.44535836829983
Unnamed,14657,Turkey,38.86359188710166,42.289850613710136
Unnamed,14625,Turkey,39.137668497945626,41.73974858657937
Unnamed,172649,Turkey,40.62840837274628,41.63602855133094
Unnamed,14741,Turkey,37.54967214640118,29.683393287540813
Unnamed,14460,Turkey,41.42025644867941,35.82937369604175
Unnamed,14583,Turkey,39.774050849306626,43.56326815948851
Unnamed,14673,Turkey,38.62159384802586,42.22232559539182
Unnamed,1366803,Turkey,40.01256049559453,32.93908077152926
Unnamed,1365437,Turkey,41.332893942118126,26.729554826887565
Unnamed,172803,Turkey,40.21873741188829,29.329864124021732
Unnamed,1366655,Turkey,40.17440804485182,35.8668900246265
Unnamed,1366587,Turkey,40.289737264556855,29.123800766421304
Unnamed,172812,Turkey,40.145081732304604,32.39753648882101
Unnamed,173024,Turkey,39.35184350995934,30.55227010968066
Unnamed,172636,Turkey,40.699821873971075,31.526637010629702
Unnamed,1366584,Turkey,40.300663492421656,33.01808860869836
Unnamed,173818,Turkey,37.4046139456876,29.831939966809404
Unnamed,1368756,Turkey,38.16569080397403,35.147515083161466
Unnamed,1366315,Turkey,40.597562356972354,29.19599841683241
Unnamed,172494,Turkey,41.022320460316024,26.47869899059049
Unnamed,1369563,Turkey,37.33229679168949,33.72816170513404
Unnamed,1366650,Turkey,40.17669370724062,35.950542015371646
Unnamed,173671,Turkey,37.8861150082223,32.297762742175166
Unnamed,173125,Turkey,39.17032376489896,29.567308560618585
Unnamed,173311,Turkey,38.796767435724405,30.792465725053464
Unnamed,173001,Turkey,39.39647630772716,29.61507585359003
Unnamed,172475,Turkey,41.05948474848758,26.590171508833745
Unnamed,173941,Turkey,37.07927232501485,30.15469726812699
Unnamed,173200,Turkey,39.0313466598598,40.328614568988385
Unnamed,173038,Turkey,39.300503886963824,30.57140635195129
Unnamed,172288,Turkey,41.808071890320676,26.926238991592125
Unnamed,172801,Turkey,40.23700138051555,38.10177073749178
Unnamed,1364820,Turkey,41.893518758098935,27.431528875718392
Unnamed,173777,Turkey,37.51869666393931,36.00847560982673
Unnamed,173447,Turkey,38.301541181944394,38.04059033433149
Unnamed,172558,Turkey,40.924030973690975,31.300583123743642
Unnamed,172832,Turkey,40.05278837256984,30.884575362553647
Unnamed,1366232,Turkey,40.662552534212885,29.963956597770036
Unnamed,172607,Turkey,40.785084821622036,35.56164841366832
Unnamed,173386,Turkey,38.49811115229195,30.69831802340663
Unnamed,172820,Turkey,40.10549364943766,26.52532605214966
Unnamed,173795,Turkey,37.43867067952744,34.16736390064466
Unnamed,172895,Turkey,39.80796586242045,26.68435327333161
Unnamed,174037,Turkey,36.854173893641416,31.53320507834645
Unnamed,174130,Turkey,36.433066254423416,30.243808652647687
Unnamed,173011,Turkey,39.3824455322776,33.42491614809568
Unnamed,173989,Turkey,36.954205535513054,37.87236450149433
Unnamed,172791,Turkey,40.29341843357695,32.70959114493684
Unnamed,172462,Turkey,41.090850454767086,29.58380923079126
Unnamed,172736,Turkey,40.5080460860083,32.665133385282104
Unnamed,14494,Turkey,40.9530625708843,26.97944471467936
Unnamed,173058,Turkey,39.28349301059162,27.554386108159903
Unnamed,173056,Turkey,39.25442558952786,28.230178045759978
Unnamed,172302,Turkey,41.75809731737309,27.297304625162838
Unnamed,173308,Turkey,38.801174871739974,27.128214823251128
Unnamed,173782,Turkey,37.4854914949745,37.267597895879604
Unnamed,172289,Turkey,41.813716674626306,27.121136158893364
Unnamed,173932,Turkey,37.101025636582435,33.29906410377959
Unnamed,14484,Turkey,41.068040800241754,28.55417789170156
Unnamed,173775,Turkey,37.518137797477344,35.84599460225002
Unnamed,172865,Turkey,39.93766169299417,27.41456954077897
Unnamed,173422,Turkey,38.4034345451749,34.184970719469526
Unnamed,173836,Turkey,37.362846373568736,32.49812929950597
Unnamed,172476,Turkey,41.03240343547603,36.65456405072306
Unnamed,14801,Turkey,36.89722968713,36.70101687242378
Unnamed,174011,Turkey,36.91323051356562,31.550444582390213
Unnamed,14591,Turkey,39.620208543965646,35.094465820680604
Unnamed,14585,Turkey,39.66206380297029,33.455093664295426
Unnamed,14714,Turkey,38.15466258268754,27.118250578134596
Unnamed,172806,Turkey,40.21859572708648,41.04423005627435
Unnamed,14483,Turkey,41.03163656783585,29.37090447156712
Unnamed,173758,Turkey,37.5465779817118,28.548702515294377
Unnamed,14590,Turkey,39.62524362469817,30.2009649430545
Unnamed,14522,Turkey,40.61739594213826,43.69414389560235
Unnamed,14559,Turkey,40.05722542776838,31.13774991680703
Unnamed,172540,Turkey,40.90512351507681,36.64173043118439
Unnamed,14626,Turkey,39.1722847908444,40.17776564224476
Unnamed,14747,Turkey,37.576220881149744,36.71815009936721
Unnamed,14763,Turkey,37.344725708901926,36.2906659880553
Unnamed,14713,Turkey,38.20078452599374,29.2161761042948
Unnamed,14784,Turkey,37.07938757088386,35.30293562351302
Unnamed,14756,Turkey,37.40516790533422,30.849781468133987
Unnamed,14674,Turkey,38.67542668384218,28.38139862449661
Unnamed,14550,Turkey,40.22224461952475,38.28264549085301
Unnamed,14558,Turkey,40.0375188067026,31.60836795287571
Unnamed,14693,Turkey,38.365383626936065,39.938721255572325
Unnamed,14736,Turkey,37.72266914086695,36.87470784181448
Unnamed,14767,Turkey,37.24573386619179,35.335962038961526
Unnamed,1337,Turkey,38.49540820152511,38.55798425018355
Van,141,Turkey,38.64353533154867,42.95257410361518
